District,Current Party,R Candidate,D Candidate,Flip Prob,Rating
HD 34,R,Denise Villalobos★,Stephanie Saenz,56.1,Lean flip
HD 118,R,Jorge Borrego,Kristian Carranza,53.3,Competitive
HD 121,R,Marc LaHood★,Zack Dunn,51.5,Competitive
HD 112,R,Angie Chen Button★,Zach Herbert,47.5,Competitive
HD 144,D,David Flores,Mary Ann Perez★,37.4,Likely holds
HD 108,R,Morgan Meyer★,Allison Mitchell,36.1,Likely holds
HD 52,R,Caroline Harris★,Chris Jimenez,35.6,Likely holds
HD 74,D,Robert Garza,Eddie Morales Jr.★,34.7,Likely holds
HD 41,D,Gary Groves,Julio Salinas,31.4,Likely holds
HD 63,R,Ben Bumgarner★,H. Denise Wooten,31.4,Likely holds
HD 37,R,Janie Lopez★,Oziel Ochoa Jr.,28.1,Likely holds
HD 122,R,Mark Dorazio★,Shelly Nickels,23.1,Likely holds
HD 94,R,Cheryl Bean,Katie O'Brien Duzan,22.4,Likely holds
HD 97,R,John McQueeney★,Beth Llewellyn McLaughlin,20.7,Likely holds
