pollster,scope,check_url,last_confirmed_crosstab,hit_rate,evidence,cadence,notes
Economist/YouGov,national,https://today.yougov.com/topics/politics,2026-10-05,12 of 12 checked,"[2026-10-07] Oct 2-5 2026 PDF econTabReport_703uvs1 p.28; table now titled '2026 Congressional Vote' - the extractor's 'genericcongressionalvote' key no longer matches, entered via manual CSV. All 5 in-window waves carried W/B/H. || Extractor keys on the 'genericcongressionalvote' table label; 11 PDFs parsed 2026-03 to 2026-08 carried a W/B/H banner every time",weekly,"Most consistent source we hold - but consistent is not guaranteed, still check the wave. Latest wired 2026-08-28_to_31; a Sept 4-8 wave exists and is NOT ingested."
Quantus Insights,national,https://quantusinsights.com/,2026-09-18,2 of 2 checked,"[2026-10-07] Sep 15-18 2026 Drive PDF p.8 Q1 by race - second hit in two checks. || Extracted row 2026-07-07, n=1140 LV, Q3 generic ballot by race",monthly?,One release ever checked - one hit is not a pattern. Hispanic subgroup n=127; weight accordingly.
The Argument/Verasight,national,https://www.theargumentmag.com/,2026-07-26,1 of 2 checked,"[2026-10-07] Sep 16-22 2026: race crosstabs paywalled (public charts topline only). Brennan has a subscription - fetch by hand next time. || Extracted row 2026-07-26, n=3000 RV, Q13 unleaned generic ballot by race",unknown,Largest sample of any row we hold. Publishes leaned AND unleaned; the repo row uses UNLEANED to match the others - check which a new release leads with.
Big Data Poll,national,https://www.bigdatapoll.com/,2026-09-15,2 of 2 checked,"[2026-10-07] Sep 13-15 2026 MarketSight crosstab (Playwright), unleaned + leaned by race; missing from Silver Bulletin sheet, found on blog. || Extracted row 2026-07-29, n=2922 RV, race banner via MarketSight crosstabs",unknown,HOUSE EFFECT ran D-heavy: 2p D+13.3 against an RCP average of D+6.8 at the time. Do not let it dominate an average.
Emerson College,both,https://emersoncollegepolling.com/feed/,2026-09-22,3 of 4 checked,"[2026-10-07] Sep 21-22 2026 national: banner in linked workbook 'crosstabs' sheet again. Texas Sep 12-14: ethnicity x Senate/Governor only, no generic. || Aug 2026 national banner found in the linked full-results workbook ('crosstabs' sheet). The JULY 2026 release was checked three ways - page links, sheet export, hidden-tab check - and had NO generic ballot by race. TEXAS Aug 9-10 2026 LV workbook ('full crosstabs' sheet) has ethnicity x Senate/Governor ballots but NO generic ballot - captured in data/raw/texas_crosstab_inputs.csv.",monthly,"THE case for checking every release: same pollster, banner one month and not the next. Never in the write-up; in the workbook if anywhere. Texas releases: candidate ballots only so far."
Marist/NPR,national,https://maristpoll.marist.edu/polls/,unknown,0 of 2 checked,"[2026-10-07] Sep 14-15 2026 national: ballot table has White/Black/Non-white but NO Latino row. Texas Sep 17-20: White/Non-white only. || An extractor exists and update_polling.py's docstring asserted full W/B/Latino, but that claim was unsourced and the only local PDF (2026-03-02) could not be confirmed to carry the banner on the ballot page",monthly,Last wired release is MARCH 2026. Either the extractor stopped being fed URLs or Marist changed. Check a current release before relying on it.
Quinnipiac,national,https://poll.qu.edu/poll-release,none found,0 of 2 checked,"[2026-10-07] Sep 24-27 2026 (releaseid 3968): House-control banner by party and gender only. || The one local PDF (2025-12-17) contains no racial banner anywhere. That is evidence about DECEMBER 2025, not about Quinnipiac as a pollster.",monthly,Previously written off as 'topline only' as though it were permanent. Wrong framing - formats change; check current releases.
Fox News,both,https://www.foxnews.com/official-polls,unknown,1 of 3 checked,"[2026-10-07] National Sep 11-14 2026: Hispanic and Non-white but NO Black column. Texas Sep 24-28: Senate/Governor by race, no generic. || Local national crosstab + topline PDFs (2026-04-17, unchecked). TEXAS Jul 23-27 2026 RV crosstab book (data/raw/fox_texas_jul23-27_2026_crosstabs.pdf) parsed 2026-09-09: race banner (White/Non-White/Black/Hispanic, Hispanic oversample n=556) on Senate and Governor ballots, NO generic legislative ballot. Captured in data/raw/texas_crosstab_inputs.csv.",periodic,"Best Hispanic subgroup n of any Texas poll (556). Candidate ballots only - usable for within-poll relative structure, not for the generic offset."
Data for Progress,national,https://www.dataforprogress.org/blog,unknown,0 of 2 checked,"[2026-10-07] Three in-window surveys (Sep 4-9, 11-14, 18-20): none asked the generic ballot. || Local dfp_midterm_glimpse_may18.pdf carries a race banner on 8 pages but no generic-ballot question was located",periodic,Partisan-affiliated (D). Treat house effect accordingly if used.
Ipsos / WaPo-Ipsos,national,https://www.ipsos.com/en-us/knowledge/society,unknown,0 of 3 checked,"[2026-10-07] Reuters/Ipsos Sep 11-14, 17-20, Sep 30-Oct 5: toplines by party only, no crosstab file. || Local ipsos_core_political_may18.pdf and wapo_ipsos_jul2026_topline.pdf; race banner present, ballot question not confirmed",periodic,The WaPo file on disk is the TOPLINE - the crosstab book is a separate download.
Cygnal,national,https://www.cygn.al/blog/,unknown,0 of 2 checked,"[2026-10-07] Oct 1-2 2026 deck: race only as change since September, not levels. || Local cygnal_jul2026.pdf has a generic-ballot question but no race banner was located - it may live in a separate crosstab file",monthly,Partisan-affiliated (R).
UT/Texas Politics Project,texas,https://texaspolitics.utexas.edu/polling-data-archive,2026-08-13,11 of 11 checked (Oct 2016; Jun+Oct 2018; Oct 2020; Jun+Aug+Oct 2022; Jun+Oct 2024; Jun+Aug 2026) - every wave carried a race banner on the ballot questions,"[2026-10-07] No Sep/Oct 2026 wave as of Oct 7 (archive + trackers checked). || Aug 5-13 2026 crosstab PDF (data/raw/ut_tpp_aug2026_crosstabs.pdf) carries White/Black/Hispanic/Asian rows on Q24B TEXAS LEGISLATURE generic ballot, Q24A US House generic, Q19 Senate, Q20 Governor. Captured in data/raw/texas_crosstab_inputs.csv.",~6-8/year,"THE Texas source and the only one with a legislative generic ballot by race. RV not LV. Statewide only - gives the Texas Hispanic share, not a district's."
TSU/YouGov,texas,https://www.tsu.edu/academics/colleges-and-schools/public-affairs/,2026-09-19,1 of 1 checked,"[2026-10-07] TSU/Barbara Jordan Center Sep 15-19 2026 LV n=1800: AG and Comptroller by race (W/Latino/Black), no generic ballot. Captured in texas_crosstab_inputs.csv. || In the TPP Senate tracker, 7/27-7/30 2026, n=1200 LV",periodic,"YouGov-fielded so a banner is plausible, but the release location is unconfirmed."
NYT/Siena,texas,https://www.nytimes.com/section/upshot,2026-09-13,1 of 1 checked,"[2026-10-07] National Sep 8-13 2026 LV (leaned only), read via Playwright (curl 403). Texas Sep 21-30 2026 LV: US House generic by race (W/B/H/Other) - first Texas generic with a banner since UT Aug. || In the TPP Senate tracker, 6/19-6/27 2026, n=656 LV",rare,NYT publishes full crosstabs but its polls hub blocks automated fetching (403). Manual check only.
UT Tyler,texas,https://www.uttyler.edu/academics/colleges-schools/arts-sciences/departments/political-science/pollingcenter/,unknown,0 checked,[2026-10-07] No general-election poll found since Aug 14 2026. || Statewide RV samples; 1117 RV in Feb 2026 per their polling center page,periodic,Unconfirmed whether they publish a race banner on any generic ballot.
Pew Research Center,national,https://www.pewresearch.org/topic/politics-policy/us-elections-voters/voters-voting/,2026-07-12,3 of 3 checked (Sep 2018; Aug 2022; Jul 2026),"[2026-10-07] No generic-ballot release Sep 7-Oct 7 2026. || Jul 6-12 2026 chart 'Midterm voting intentions by race, age and education' carries White/Black/Hispanic/Asian on the generic House ballot; captured in racial_crosstab_inputs.csv. Sep 2018 and Aug 2022 midterm reports also had race banners (used in the Sept-1 backtest).",2-3/cycle,Infrequent but every midterm-year release checked so far had the banner. RV not LV. Sample sizes are large (10k+ ATP panel).
Echelon Insights,national,https://echelonin.com/,2026-09-21,1 of 1 checked,Sep 17-21 2026 omnibus: Q12 generic by race in the crosstab WORKBOOK only (topline PDF has none). Unleaned computed from definitely+probably.,monthly,"Workbook, not PDF. Small B/H n (~100)."
John Zogby Strategies,national,https://johnzogbystrategies.com/,2026-09-17,1 of 1 checked,Sep 15-17 2026 PDF Q9 unleaned + Q10a leaned by race incl Asian/Other.,unknown,
Rainey Center,national,https://www.raineycenter.org/,2026-09-14,1 of 1 checked,"Sep 10-14 2026 extended crosstabs PDF p.2 Q2 by race, no subgroup n.",unknown,RV.
McLaughlin & Associates,national,https://mclaughlinonline.com/,2026-09-22,1 of 1 checked,"Sep 16-22 2026 presentation slide 5: generic by race (leaned), no n.",monthly,Partisan-affiliated (R).
Morning Consult,national,https://pro.morningconsult.com/trackers/2026-midterm-election-generic-ballot-polls,2026-09-27,1 of 1 checked,Sep 21-27 2026 weekly: MCPI-Midterm-Ballot.html shows W/B/H/Other (Cloudflare; Playwright). Contradicts the May 2026 'paywalled' finding.,weekly,Only the latest week shown as text; no subgroup n.
Marquette Law,national,https://law.marquette.edu/poll/,2026-09-09,1 of 1 checked,MLSPSC35 Sep 2-9 2026 HTML crosstabs (LV and RV) by race.,periodic,Small subgroups (H 76 LV).
CBS/YouGov,national,https://www.cbsnews.com/news/cbs-news-poll/,2026-10-02,2 of 2 checked,"Sep 8-11 and Sep 30-Oct 2 2026 PDFs, Q10 House vote with leaners by W/B/H.",~biweekly,Same firm as Economist/YouGov - one-per-pollster rule means use only one of them.
ReconMR,texas,https://reconmr.com/,2026-09-11,1 of 1 checked,Texas Sep 8-11 2026 LV n=614: Congress generic AND AG by W/B/H. Captured in texas_crosstab_inputs.csv.,unknown,No Hispanic n.
