Matchup,cd,dem_name,rep_name,prediction,raw_prediction,bucket,win_prob_d,flip,win_prob_r
Eventual Nominee (D) vs Nick Begich (R),AK-AL,Eventual Nominee,Nick Begich,R+10.1,10.1,Likely R,8,N,92
Clyde Jones Jr. (D) vs Jerry Carl (R),AL-01,Clyde Jones Jr.,Jerry Carl,R+30.0,30,Safe R,0,N,100
Shomari Figures (D) vs Hampton Harris (R),AL-02,Shomari Figures,Hampton Harris,R+1.5,1.5,Tossup,41,Y,59
Lee McInnis (D) vs Mike Rogers (R),AL-03,Lee McInnis,Mike Rogers,R+43.2,43.2,Safe R,0,N,100
Amanda Pusczek (D) vs Robert Aderholt (R),AL-04,Amanda Pusczek,Robert Aderholt,R+62.5,62.5,Safe R,0,N,100
Andrew Sneed (D) vs Dale Strong (R),AL-05,Andrew Sneed,Dale Strong,R+25.0,25,Safe R,0,N,100
Keith Pilkington (D) vs Gary Palmer (R),AL-06,Keith Pilkington,Gary Palmer,R+29.0,29,Safe R,0,N,100
Terri Sewell (D),AL-07,Terri Sewell,Not Contested,D+100.0,-100,Safe D,100,N,0
Terri Green (D) vs Rick Crawford (R),AR-01,Terri Green,Rick Crawford,R+46.5,46.5,Safe R,0,N,100
Chris Jones (D) vs French Hill (R),AR-02,Chris Jones,French Hill,R+11.1,11.1,Likely R,6,N,94
Robb Ryerse (D) vs Steve Womack (R),AR-03,Robb Ryerse,Steve Womack,R+26.3,26.3,Safe R,0,N,100
James Russell (D) vs Bruce Westerman (R),AR-04,James Russell,Bruce Westerman,R+40.5,40.5,Safe R,0,N,100
Eventual Nominee (D) vs Eventual Nominee (R),AZ-01,Eventual Nominee,Eventual Nominee,D+7.7,-7.7,Likely D,88,Y,12
Jonathan Nez (D) vs Eli Crane (R),AZ-02,Jonathan Nez,Eli Crane,R+0.9,0.9,Tossup,45,N,55
Yassamin Ansari (D) vs Eventual Nominee (R),AZ-03,Yassamin Ansari,Eventual Nominee,D+59.3,-59.3,Safe D,100,N,0
Greg Stanton (D) vs Zuhdi Jasser (R),AZ-04,Greg Stanton,Zuhdi Jasser,D+21.2,-21.2,Safe D,100,N,0
Eventual Nominee (D) vs Eventual Nominee (R),AZ-05,Eventual Nominee,Eventual Nominee,R+11.7,11.7,Safe R,5,N,95
JoAnna Mendoza (D) vs Juan Ciscomani (R),AZ-06,JoAnna Mendoza,Juan Ciscomani,D+7.9,-7.9,Likely D,87,Y,13
Adelita Grijalva (D) vs Daniel Butierez (R),AZ-07,Adelita Grijalva,Daniel Butierez,D+40.6,-40.6,Safe D,100,N,0
Eventual Nominee (D) vs Abraham Hamadeh (R),AZ-08,Eventual Nominee,Abraham Hamadeh,R+8.3,8.3,Likely R,11,N,89
Dani Sterbinsky (D) vs Paul Gosar (R),AZ-09,Dani Sterbinsky,Paul Gosar,R+20.5,20.5,Safe R,0,N,100
Mike McGuire (D) vs James Gallagher (R),CA-01,Mike McGuire,James Gallagher,D+21.5,-21.5,Safe D,100,Y,0
Jared Huffman (D) vs Robin Littau (R),CA-02,Jared Huffman,Robin Littau,D+35.2,-35.2,Safe D,100,N,0
Ami Bera (D) vs Robb Tucker (R),CA-03,Ami Bera,Robb Tucker,D+21.5,-21.5,Safe D,100,N,0
Mike Thompson (D) vs Eric Jones (D),CA-04,Mike Thompson/Eric Jones,Not Contested,D+100.0,-100,Safe D,100,N,0
Michael Masuda (D) vs Tom McClintock (R),CA-05,Michael Masuda,Tom McClintock,R+20.3,20.3,Safe R,0,N,100
Richard Pan (D) vs Kevin Kiley (Ind),CA-06,Richard Pan,Kevin Kiley (Ind),D+11.9,-11.9,Safe D,96,Y,4
Doris Matsui (D) vs Mai Vang (D),CA-07,Doris Matsui/Mai Vang,Not Contested,D+100.0,-100,Safe D,100,N,0
John Garamendi (D) vs Rudy Recile (R),CA-08,John Garamendi,Rudy Recile,D+46.5,-46.5,Safe D,100,N,0
Josh Harder (D) vs John McBride (R),CA-09,Josh Harder,John McBride,D+26.1,-26.1,Safe D,100,N,0
Mark DeSaulnier (D) vs Jeff Frese (R),CA-10,Mark DeSaulnier,Jeff Frese,D+43.8,-43.8,Safe D,100,N,0
Scott Weiner (D) vs Connie Chan (D),CA-11,Scott Weiner/Connie Chan,Not Contested,D+100.0,-100,Safe D,100,N,0
Lateefah Simon (D),CA-12,Lateefah Simon,Not Contested,D+100.0,-100,Safe D,100,N,0
Adam Gray (D) vs Kevin Lincoln (R),CA-13,Adam Gray,Kevin Lincoln,D+12.8,-12.8,Safe D,97,N,3
Aisha Wahab (D) vs Melissa Hernandez (D),CA-14,Aisha Wahab/Melissa Hernandez,Not Contested,D+100.0,-100,Safe D,100,N,0
Kevin Mullin (D) vs Charles Hoelter (R),CA-15,Kevin Mullin,Charles Hoelter,D+56.5,-56.5,Safe D,100,N,0
Sam Liccardo (D) vs Peter Soule (R),CA-16,Sam Liccardo,Peter Soule,D+61.4,-61.4,Safe D,100,N,0
Ro Khanna (D) vs Ritesh Tandon (R),CA-17,Ro Khanna,Ritesh Tandon,D+51.6,-51.6,Safe D,100,N,0
Zoe Lofgren (D) vs Shane Lewis (R),CA-18,Zoe Lofgren,Shane Lewis,D+39.5,-39.5,Safe D,100,N,0
Jimmy Panetta (D) vs Peter Coe Verbica (R),CA-19,Jimmy Panetta,Peter Coe Verbica,D+47.1,-47.1,Safe D,100,N,0
Sandra Van Scotter (D) vs Vince Fong (R),CA-20,Sandra Van Scotter,Vince Fong,R+30.7,30.7,Safe R,0,N,100
Jim Costa (D) vs Kyle Kirkland (R),CA-21,Jim Costa,Kyle Kirkland,D+15.2,-15.2,Safe D,98,N,2
Randy Villegas (D) vs David Valadao (R),CA-22,Randy Villegas,David Valadao,D+1.4,-1.4,Tossup,59,Y,41
Tessa Lynn Hodge (D) vs Jay Obernolte (R),CA-23,Tessa Lynn Hodge,Jay Obernolte,R+19.6,19.6,Safe R,0,N,100
Salud Carbajal (D) vs Bob Smith (R),CA-24,Salud Carbajal,Bob Smith,D+34.6,-34.6,Safe D,100,N,0
Raul Ruiz (D) vs Joe Males (R),CA-25,Raul Ruiz,Joe Males,D+20.1,-20.1,Safe D,100,N,0
Jacqui Irwin (D) vs Sam Gallucci (R),CA-26,Jacqui Irwin,Sam Gallucci,D+25.0,-25,Safe D,100,N,0
George Whitesides (D) vs Jason Gibbs (R),CA-27,George Whitesides,Jason Gibbs,D+20.4,-20.4,Safe D,100,N,0
Judy Chu (D) vs April A. Verlato (R),CA-28,Judy Chu,April A. Verlato,D+37.7,-37.7,Safe D,100,N,0
Luz Rivas (D) vs Angélica María Dueñas (D),CA-29,Luz Rivas/Angélica María Dueñas,Not Contested,D+100.0,-100,Safe D,100,N,0
Laura Friedman (D) vs Scott Alan Meyers (R),CA-30,Laura Friedman,Scott Alan Meyers,D+51.8,-51.8,Safe D,100,N,0
Gil Cisneros (D) vs Eric Ching (R),CA-31,Gil Cisneros,Eric Ching,D+21.0,-21,Safe D,100,N,0
Brad Sherman (D) vs Larry Thompson (R),CA-32,Brad Sherman,Larry Thompson,D+35.6,-35.6,Safe D,100,N,0
Pete Aguilar (D) vs Stephanie M. Vargas (R),CA-33,Pete Aguilar,Stephanie M. Vargas,D+23.8,-23.8,Safe D,100,N,0
Jimmy Gomez (D) vs Angela Gonzales-Torres (D),CA-34,Jimmy Gomez/Angela Gonzales-Torres,Not Contested,D+100.0,-100,Safe D,100,N,0
Norma Torres (D) vs Mike Cargile (R),CA-35,Norma Torres,Mike Cargile,D+21.0,-21,Safe D,100,N,0
Ted Lieu (D) vs Houston Brignano (R),CA-36,Ted Lieu,Houston Brignano,D+49.5,-49.5,Safe D,100,N,0
Sydney Kamlager-Dove (D) vs Samantha Mota (D),CA-37,Sydney Kamlager-Dove/Samantha Mota,Not Contested,D+100.0,-100,Safe D,100,N,0
Hilda Solis (D) vs Pedro Antonio Casas (R),CA-38,Hilda Solis,Pedro Antonio Casas,D+24.5,-24.5,Safe D,100,Y,0
Mark Takano (D) vs Steve Manos (R),CA-39,Mark Takano,Steve Manos,D+22.8,-22.8,Safe D,100,N,0
Young Kim (R) vs Ken Calvert (R),CA-40,Not Contested,Young Kim/Ken Calvert,R+100.0,100,Safe R,0,N,100
Linda Sanchez (D) vs Mitch Clemmons (R),CA-41,Linda Sanchez,Mitch Clemmons,D+27.1,-27.1,Safe D,100,N,0
Robert Garcia (D) vs Brian Burley (R),CA-42,Robert Garcia,Brian Burley,D+25.3,-25.3,Safe D,100,N,0
Maxine Waters (D) vs Cristian Morales (R),CA-43,Maxine Waters,Cristian Morales,D+62.2,-62.2,Safe D,100,N,0
Nanette Barragan (D) vs Genevieve Angel (R),CA-44,Nanette Barragan,Genevieve Angel,D+52.2,-52.2,Safe D,100,N,0
Derek Tran (D) vs Chuong V. Vo (R),CA-45,Derek Tran,Chuong V. Vo,D+16.3,-16.3,Safe D,99,N,1
Lou Correa (D) vs David Pan (R),CA-46,Lou Correa,David Pan,D+34.3,-34.3,Safe D,100,N,0
Dave Min (D) vs Jenny Rae Le Roux (R),CA-47,Dave Min,Jenny Rae Le Roux,D+19.4,-19.4,Safe D,99,N,1
Marni von Wilpert (D) vs Jim Desmond (R),CA-48,Marni von Wilpert,Jim Desmond,D+10.3,-10.3,Likely D,94,Y,6
Mike Levin (D) vs Armen Kurdian (R),CA-49,Mike Levin,Armen Kurdian,D+19.6,-19.6,Safe D,100,N,0
Scott Peters (D) vs Steve Cohen (R),CA-50,Scott Peters,Steve Cohen,D+28.3,-28.3,Safe D,100,N,0
Sara Jacobs (D) vs Ricardo Cabrera (R),CA-51,Sara Jacobs,Ricardo Cabrera,D+29.7,-29.7,Safe D,100,N,0
Juan Vargas (D) vs Jeff Belle (R),CA-52,Juan Vargas,Jeff Belle,D+30.5,-30.5,Safe D,100,N,0
Diana DeGette (D) vs Eventual Nominee (R),CO-01,Diana DeGette,Eventual Nominee,D+67.4,-67.4,Safe D,100,N,0
Joe Neguse (D) vs Eventual Nominee (R),CO-02,Joe Neguse,Eventual Nominee,D+50.9,-50.9,Safe D,100,N,0
Eventual Nominee (D) vs Jeff Hurd (R),CO-03,Eventual Nominee,Jeff Hurd,R+2.3,2.3,Lean R,37,N,63
Eileen Laubacher (D) vs Lauren Boebert (R),CO-04,Eileen Laubacher,Lauren Boebert,R+5.2,5.2,Lean R,21,N,79
Eventual Nominee (D) vs Jeff Crank (R),CO-05,Eventual Nominee,Jeff Crank,R+5.6,5.6,Likely R,19,N,81
Jason Crow (D) vs Mel Tewahade (R),CO-06,Jason Crow,Mel Tewahade,D+32.2,-32.2,Safe D,100,N,0
Brittany Pettersen (D) vs Tim Bennett (R),CO-07,Brittany Pettersen,Tim Bennett,D+27.3,-27.3,Safe D,100,N,0
Eventual Nominee (D) vs Gabe Evans (R),CO-08,Eventual Nominee,Gabe Evans,D+3.2,-3.2,Lean D,69,Y,31
John Larson (D) vs Eventual Nominee (R),CT-01,John Larson,Eventual Nominee,D+37.0,-37,Safe D,100,N,0
Joe Courtney (D) vs Eventual Nominee (R),CT-02,Joe Courtney,Eventual Nominee,D+25.7,-25.7,Safe D,100,N,0
Rosa DeLauro (D) vs Christopher Lancia (R),CT-03,Rosa DeLauro,Christopher Lancia,D+28.3,-28.3,Safe D,100,N,0
Jim Himes (D) vs Eventual Nominee (R),CT-04,Jim Himes,Eventual Nominee,D+34.3,-34.3,Safe D,100,N,0
Jahana Hayes (D) vs Eventual Nominee (R),CT-05,Jahana Hayes,Eventual Nominee,D+15.7,-15.7,Safe D,99,N,1
Sarah McBride (D) vs Eventual Nominee (R),DE-AL,Sarah McBride,Eventual Nominee,D+29.3,-29.3,Safe D,100,N,0
Eventual Nominee (D) vs Jimmy Patronis (R),FL-01,Eventual Nominee,Jimmy Patronis,R+38.6,38.6,Safe R,0,N,100
Eventual Nominee (D) vs Eventual Nominee (R),FL-02,Eventual Nominee,Eventual Nominee,R+13.8,13.8,Safe R,3,N,97
Seth Harp (D) vs Kat Cammack (R),FL-03,Seth Harp,Kat Cammack,R+21.7,21.7,Safe R,0,N,100
Eventual Nominee (D) vs Aaron Bean (R),FL-04,Eventual Nominee,Aaron Bean,R+10.0,10,Likely R,7,N,93
Rachel Grage (D) vs John Rutherford (R),FL-05,Rachel Grage,John Rutherford,R+24.2,24.2,Safe R,0,N,100
Eventual Nominee (D) vs Randy Fine (R),FL-06,Eventual Nominee,Randy Fine,R+31.4,31.4,Safe R,0,N,100
Eventual Nominee (D) vs Cory Mills (R),FL-07,Eventual Nominee,Cory Mills,R+9.3,9.3,Likely R,9,N,91
Eventual Nominee (D) vs Mike Haridopolos (R),FL-08,Eventual Nominee,Mike Haridopolos,R+14.8,14.8,Safe R,2,N,98
Darren Soto (D) vs Eventual Nominee (R),FL-09,Darren Soto,Eventual Nominee,R+8.3,8.3,Likely R,11,Y,89
Maxwell Frost (D) vs Eventual Nominee (R),FL-10,Maxwell Frost,Eventual Nominee,D+33.6,-33.6,Safe D,100,N,0
Eventual Nominee (D) vs Eventual Nominee (R),FL-11,Eventual Nominee,Eventual Nominee,R+11.1,11.1,Safe R,5,N,95
Eventual Nominee (D) vs Gus Bilirakis (R),FL-12,Eventual Nominee,Gus Bilirakis,R+14.8,14.8,Safe R,2,N,98
Eventual Nominee (D) vs Anna Paulina Luna (R),FL-13,Eventual Nominee,Anna Paulina Luna,R+9.0,9,Likely R,9,N,91
Kathy Castor (D) vs Eventual Nominee (R),FL-14,Kathy Castor,Eventual Nominee,D+2.8,-2.8,Lean D,66,N,34
Eventual Nominee (D) vs Laurel Lee (R),FL-15,Eventual Nominee,Laurel Lee,R+20.9,20.9,Safe R,0,N,100
Eventual Nominee (D) vs Eventual Nominee (R),FL-16,Eventual Nominee,Eventual Nominee,R+9.4,9.4,Likely R,8,N,92
Eventual Nominee (D) vs Greg Steube (R),FL-17,Eventual Nominee,Greg Steube,R+23.7,23.7,Safe R,0,N,100
Eventual Nominee (D) vs Scott Franklin (R),FL-18,Eventual Nominee,Scott Franklin,R+17.7,17.7,Safe R,1,N,99
Eventual Nominee (D) vs Eventual Nominee (R),FL-19,Eventual Nominee,Eventual Nominee,R+28.7,28.7,Safe R,0,N,100
Debbie Wasserman Schultz (D) vs Eventual Nominee (R),FL-20,Debbie Wasserman Schultz,Eventual Nominee,D+46.7,-46.7,Safe D,100,N,0
Eventual Nominee (D) vs Brian Mast (R),FL-21,Eventual Nominee,Brian Mast,R+16.4,16.4,Safe R,1,N,99
Eventual Nominee (D) vs Eventual Nominee (R),FL-22,Eventual Nominee,Eventual Nominee,R+5.8,5.8,Likely R,19,Y,81
Lois Frankel (D) vs Eventual Nominee (R),FL-23,Lois Frankel,Eventual Nominee,D+21.9,-21.9,Safe D,100,N,0
Eventual Nominee (D) vs Eventual Nominee (R),FL-24,Eventual Nominee,Eventual Nominee,D+43.6,-43.6,Safe D,100,N,0
Jared Moskowitz (D) vs Eventual Nominee (R),FL-25,Jared Moskowitz,Eventual Nominee,R+1.7,1.7,Lean R,40,Y,60
Eventual Nominee (D) vs Mario Diaz-Balart (R),FL-26,Eventual Nominee,Mario Diaz-Balart,R+20.8,20.8,Safe R,0,N,100
Eventual Nominee (D) vs Maria Elvira Salazar (R),FL-27,Eventual Nominee,Maria Elvira Salazar,R+12.8,12.8,Safe R,3,N,97
Eventual Nominee (D) vs Carlos Gimenez (R),FL-28,Eventual Nominee,Carlos Gimenez,R+26.2,26.2,Safe R,0,N,100
Amanda Hollowell (D) vs Jim Kingston (R),GA-01,Amanda Hollowell,Jim Kingston,R+14.3,14.3,Safe R,2,N,98
Sanford Bishop (D) vs Matt Day (R),GA-02,Sanford Bishop,Matt Day,D+19.8,-19.8,Safe D,100,N,0
Maura Keller (D) vs Brian Jack (R),GA-03,Maura Keller,Brian Jack,R+31.0,31,Safe R,0,N,100
Hank Johnson (D) vs James Duffie (R),GA-04,Hank Johnson,James Duffie,D+59.4,-59.4,Safe D,100,N,0
Nikema Williams (D) vs John Oscar Salvesen (R),GA-05,Nikema Williams,John Oscar Salvesen,D+77.1,-77.1,Safe D,100,N,0
Lucy McBath (D) vs Kevin Martin (R),GA-06,Lucy McBath,Kevin Martin,D+59.3,-59.3,Safe D,100,N,0
Tony Kozycki (D) vs Rich McCormick (R),GA-07,Tony Kozycki,Rich McCormick,R+25.2,25.2,Safe R,0,N,100
Kelly Esti (D) vs Austin Scott (R),GA-08,Kelly Esti,Austin Scott,R+32.1,32.1,Safe R,0,N,100
Caitlyn Gegen (D) vs Andrew Clyde (R),GA-09,Caitlyn Gegen,Andrew Clyde,R+32.0,32,Safe R,0,N,100
Pamela Delancy (D) vs Houston Gaines (R),GA-10,Pamela Delancy,Houston Gaines,R+19.3,19.3,Safe R,0,N,100
Chris Harden (D) vs John Cowan (R),GA-11,Chris Harden,John Cowan,R+22.2,22.2,Safe R,0,N,100
Ceretta Smith (D) vs Rick Allen (R),GA-12,Ceretta Smith,Rick Allen,R+16.3,16.3,Safe R,1,N,99
Jasmine Clark (D) vs Jonathan Chavez (R),GA-13,Jasmine Clark,Jonathan Chavez,D+50.3,-50.3,Safe D,100,N,0
Shawn Harris (D) vs Clay Fuller (R),GA-14,Shawn Harris,Clay Fuller,R+30.0,30,Safe R,0,N,100
Ed Case (D) vs Adriel Lam (R),HI-01,Ed Case,Adriel Lam,D+47.6,-47.6,Safe D,100,N,0
Jill Tokuda (D) vs Brenton Awa (R),HI-02,Jill Tokuda,Brenton Awa,D+38.7,-38.7,Safe D,100,N,0
Christina Bohannan (D) vs Mariannette Miller-Meeks (R),IA-01,Christina Bohannan,Mariannette Miller-Meeks,D+1.6,-1.6,Tossup,59,Y,41
Lindsay James (D) vs Joe Mitchell (R),IA-02,Lindsay James,Joe Mitchell,R+2.7,2.7,Lean R,34,N,66
Sarah Trone Garriott (D) vs Zach Nunn (R),IA-03,Sarah Trone Garriott,Zach Nunn,D+1.4,-1.4,Tossup,58,Y,42
Dave Dawson (D) vs Chris McGowan (R),IA-04,Dave Dawson,Chris McGowan,R+23.9,23.9,Safe R,0,N,100
Kaylee Peterson (D) vs Russ Fulcher (R),ID-01,Kaylee Peterson,Russ Fulcher,R+43.5,43.5,Safe R,0,N,100
Ellie Gilbreath (D) vs Mike Simpson (R),ID-02,Ellie Gilbreath,Mike Simpson,R+25.1,25.1,Safe R,0,N,100
Jonathan Jackson (D) vs Christian Maxwell (R),IL-01,Jonathan Jackson,Christian Maxwell,D+42.1,-42.1,Safe D,100,N,0
Donna Miller (D) vs Michael Noack (R),IL-02,Donna Miller,Michael Noack,D+45.4,-45.4,Safe D,100,N,0
Delia Ramirez (D) vs Angel Oakley (R),IL-03,Delia Ramirez,Angel Oakley,D+47.1,-47.1,Safe D,100,N,0
Patty Garcia (D) vs Lupe Castillo (R),IL-04,Patty Garcia,Lupe Castillo,D+39.6,-39.6,Safe D,100,N,0
Mike Quigley (D) vs Tommy Hanson (R),IL-05,Mike Quigley,Tommy Hanson,D+51.1,-51.1,Safe D,100,N,0
Sean Casten (D) vs Niki Conforti (R),IL-06,Sean Casten,Niki Conforti,D+19.9,-19.9,Safe D,99,N,1
La Shawn Ford (D) vs Chad Koppie (R),IL-07,La Shawn Ford,Chad Koppie,D+73.6,-73.6,Safe D,100,N,0
Melissa Bean (D) vs Jennifer Davis (R),IL-08,Melissa Bean,Jennifer Davis,D+16.2,-16.2,Safe D,99,N,1
Daniel Biss (D) vs John Elleson (R),IL-09,Daniel Biss,John Elleson,D+44.9,-44.9,Safe D,100,N,0
Brad Schneider (D) vs Carl Lambrecht (R),IL-10,Brad Schneider,Carl Lambrecht,D+35.0,-35,Safe D,100,N,0
Bill Foster (D) vs Jeff Walter (R),IL-11,Bill Foster,Jeff Walter,D+25.0,-25,Safe D,100,N,0
Julie Fortier (D) vs Mike Bost (R),IL-12,Julie Fortier,Mike Bost,R+41.0,41,Safe R,0,N,100
Nikki Budzinski (D) vs Jeff Wilson (R),IL-13,Nikki Budzinski,Jeff Wilson,D+27.0,-27,Safe D,100,N,0
Lauren Underwood (D) vs James Marter (R),IL-14,Lauren Underwood,James Marter,D+21.3,-21.3,Safe D,100,N,0
Jennifer Todd (D) vs Mary Miller (R),IL-15,Jennifer Todd,Mary Miller,R+36.3,36.3,Safe R,0,N,100
Paul Nolley (D) vs Darin LaHood (R),IL-16,Paul Nolley,Darin LaHood,R+24.0,24,Safe R,0,N,100
Eric Sorensen (D) vs Dillan Vancil (R),IL-17,Eric Sorensen,Dillan Vancil,D+19.7,-19.7,Safe D,100,N,0
Frank Mrvan (D) vs Barb Regnitz (R),IN-01,Frank Mrvan,Barb Regnitz,D+13.9,-13.9,Safe D,98,N,2
Jamee Decio (D) vs Rudy Yakym (R),IN-02,Jamee Decio,Rudy Yakym,R+24.2,24.2,Safe R,0,N,100
Kelly Thompson (D) vs Marlin Stutzman (R),IN-03,Kelly Thompson,Marlin Stutzman,R+26.6,26.6,Safe R,0,N,100
Drew Cox (D) vs Jim Baird (R),IN-04,Drew Cox,Jim Baird,R+24.2,24.2,Safe R,0,N,100
J.D. Ford (D) vs Victoria Spartz (R),IN-05,J.D. Ford,Victoria Spartz,R+11.4,11.4,Safe R,5,N,95
Cinde Wirth (D) vs Jefferson Shreve (R),IN-06,Cinde Wirth,Jefferson Shreve,R+28.9,28.9,Safe R,0,N,100
Andre Carson (D) vs Patrick McAuley (R),IN-07,Andre Carson,Patrick McAuley,D+54.5,-54.5,Safe D,100,N,0
Mary Allen (D) vs Mark Messmer (R),IN-08,Mary Allen,Mark Messmer,R+34.8,34.8,Safe R,0,N,100
Brad Meyer (D) vs Erin Houchin (R),IN-09,Brad Meyer,Erin Houchin,R+26.9,26.9,Safe R,0,N,100
Eventual Nominee (D) vs Tracey Mann (R),KS-01,Eventual Nominee,Tracey Mann,R+31.0,31,Safe R,0,N,100
Eventual Nominee (D) vs Derek Schmidt (R),KS-02,Eventual Nominee,Derek Schmidt,R+15.3,15.3,Safe R,2,N,98
Sharice Davids (D) vs Chase LaPorte (R),KS-03,Sharice Davids,Chase LaPorte,D+19.2,-19.2,Safe D,100,N,0
Eventual Nominee (D) vs Ron Estes (R),KS-04,Eventual Nominee,Ron Estes,R+19.5,19.5,Safe R,0,N,100
Drew Williams (D) vs James Comer (R),KY-01,Drew Williams,James Comer,R+43.0,43,Safe R,0,N,100
Megan Wingfield (D) vs Brett Guthrie (R),KY-02,Megan Wingfield,Brett Guthrie,R+38.4,38.4,Safe R,0,N,100
Morgan McGarvey (D) vs Maria Rodriguez (R),KY-03,Morgan McGarvey,Maria Rodriguez,D+35.0,-35,Safe D,100,N,0
Melissa Strange (D) vs Ed Gallrein (R),KY-04,Melissa Strange,Ed Gallrein,R+29.4,29.4,Safe R,0,N,100
Ned Pillersdorf (D) vs Hal Rogers (R),KY-05,Ned Pillersdorf,Hal Rogers,R+59.7,59.7,Safe R,0,N,100
Zach Dembo (D) vs Ralph Alvarado (R),KY-06,Zach Dembo,Ralph Alvarado,R+6.4,6.4,Likely R,18,N,82
Lauren Jewett (D) vs Steve Scalise (R),LA-01,Lauren Jewett,Steve Scalise,R+40.1,40.1,Safe R,0,N,100
Troy Carter (D) vs Eventual Nominee (R),LA-02,Troy Carter,Eventual Nominee,D+62.5,-62.5,Safe D,100,N,0
Eventual Nominee (D) vs Clay Higgins (R),LA-03,Eventual Nominee,Clay Higgins,R+39.0,39,Safe R,0,N,100
Eventual Nominee (D) vs Mike Johnson (R),LA-04,Eventual Nominee,Mike Johnson,R+37.1,37.1,Safe R,0,N,100
Eventual Nominee (D) vs Eventual Nominee (R),LA-05,Eventual Nominee,Eventual Nominee,R+31.4,31.4,Safe R,0,N,100
Cleo Fields (D) vs Eventual Nominee (R),LA-06,Cleo Fields,Eventual Nominee,R+16.6,16.6,Safe R,1,Y,99
Richard Neal (D) vs Eventual Nominee (R),MA-01,Richard Neal,Eventual Nominee,D+28.4,-28.4,Safe D,100,N,0
Jim McGovern (D) vs Eventual Nominee (R),MA-02,Jim McGovern,Eventual Nominee,D+36.0,-36,Safe D,100,N,0
Lori Trahan (D) vs Gary Grossi (R),MA-03,Lori Trahan,Gary Grossi,D+34.2,-34.2,Safe D,100,N,0
Jake Auchincloss (D) vs Tom Stalcup (R),MA-04,Jake Auchincloss,Tom Stalcup,D+30.5,-30.5,Safe D,100,N,0
Katherine Clark (D) vs Eventual Nominee (R),MA-05,Katherine Clark,Eventual Nominee,D+57.4,-57.4,Safe D,100,N,0
Eventual Nominee (D) vs Micah Jones (R),MA-06,Eventual Nominee,Micah Jones,D+28.8,-28.8,Safe D,100,N,0
Ayanna Pressley (D) vs Eventual Nominee (R),MA-07,Ayanna Pressley,Eventual Nominee,D+76.2,-76.2,Safe D,100,N,0
Stephen Lynch (D) vs Eventual Nominee (R),MA-08,Stephen Lynch,Eventual Nominee,D+45.2,-45.2,Safe D,100,N,0
Bill Keating (D) vs Tyler MacAllister (R),MA-09,Bill Keating,Tyler MacAllister,D+25.1,-25.1,Safe D,100,N,0
Dan Schwartz (D) vs Andy Harris (R),MD-01,Dan Schwartz,Andy Harris,R+11.3,11.3,Safe R,5,N,95
Johnny Olszewski (D) vs Dave Wallace (R),MD-02,Johnny Olszewski,Dave Wallace,D+31.6,-31.6,Safe D,100,N,0
Sarah Elfreth (D) vs Berney Flowers (R),MD-03,Sarah Elfreth,Berney Flowers,D+36.7,-36.7,Safe D,100,N,0
Glenn Ivey (D) vs George McDermott (R),MD-04,Glenn Ivey,George McDermott,D+87.8,-87.8,Safe D,100,N,0
Adrian Boafo (D) vs Chris Chaffee (R),MD-05,Adrian Boafo,Chris Chaffee,D+43.5,-43.5,Safe D,100,N,0
April McClain Delaney (D) vs Robin Ficker (R),MD-06,April McClain Delaney,Robin Ficker,D+17.2,-17.2,Safe D,99,N,1
Kweisi Mfume (D) vs Scott Collier (R),MD-07,Kweisi Mfume,Scott Collier,D+74.9,-74.9,Safe D,100,N,0
Jamie Raskin (D) vs Cheryl Riley (R),MD-08,Jamie Raskin,Cheryl Riley,D+67.3,-67.3,Safe D,100,N,0
Chellie Pingree (D) vs Eventual Nominee (R),ME-01,Chellie Pingree,Eventual Nominee,D+31.5,-31.5,Safe D,100,N,0
Matt Dunlap (D) vs Paul LePage (R),ME-02,Matt Dunlap,Paul LePage,R+2.0,2,Lean R,39,Y,61
Eventual Nominee (D) vs Jack Bergman (R),MI-01,Eventual Nominee,Jack Bergman,R+15.2,15.2,Safe R,2,N,98
Eventual Nominee (D) vs John Moolenaar (R),MI-02,Eventual Nominee,John Moolenaar,R+28.1,28.1,Safe R,0,N,100
Hillary Scholten (D) vs Eventual Nominee (R),MI-03,Hillary Scholten,Eventual Nominee,D+20.4,-20.4,Safe D,100,N,0
Eventual Nominee (D) vs Bill Huizenga (R),MI-04,Eventual Nominee,Bill Huizenga,R+1.5,1.5,Tossup,42,N,58
Christian Vukasovich (D) vs Tim Walberg (R),MI-05,Christian Vukasovich,Tim Walberg,R+25.0,25,Safe R,0,N,100
Debbie Dingell (D) vs Heather Smiley (R),MI-06,Debbie Dingell,Heather Smiley,D+39.3,-39.3,Safe D,100,N,0
Eventual Nominee (D) vs Tom Barrett (R),MI-07,Eventual Nominee,Tom Barrett,D+2.6,-2.6,Lean D,65,Y,35
Kristen McDonald Rivet (D) vs Eventual Nominee (R),MI-08,Kristen McDonald Rivet,Eventual Nominee,D+13.3,-13.3,Safe D,97,N,3
Eventual Nominee (D) vs Lisa McClain (R),MI-09,Eventual Nominee,Lisa McClain,R+30.2,30.2,Safe R,0,N,100
Eventual Nominee (D) vs Eventual Nominee (R),MI-10,Eventual Nominee,Eventual Nominee,D+2.4,-2.4,Lean D,64,Y,36
Eventual Nominee (D) vs Eventual Nominee (R),MI-11,Eventual Nominee,Eventual Nominee,D+27.7,-27.7,Safe D,100,N,0
Rashida Tlaib (D) vs Eventual Nominee (R),MI-12,Rashida Tlaib,Eventual Nominee,D+52.4,-52.4,Safe D,100,N,0
Shri Thanedar (D) vs Eventual Nominee (R),MI-13,Shri Thanedar,Eventual Nominee,D+56.2,-56.2,Safe D,100,N,0
Jake Johnson (D) vs Brad Finstad (R),MN-01,Jake Johnson,Brad Finstad,R+10.2,10.2,Likely R,6,N,94
Eventual Nominee (D) vs Eric Pratt (R),MN-02,Eventual Nominee,Eric Pratt,D+13.5,-13.5,Safe D,97,N,3
Kelly Morrison (D) vs Eventual Nominee (R),MN-03,Kelly Morrison,Eventual Nominee,D+30.8,-30.8,Safe D,100,N,0
Betty McCollum (D) vs Eventual Nominee (R),MN-04,Betty McCollum,Eventual Nominee,D+44.8,-44.8,Safe D,100,N,0
Ilhan Omar (D) vs Eventual Nominee (R),MN-05,Ilhan Omar,Eventual Nominee,D+62.5,-62.5,Safe D,100,N,0
Eventual Nominee (D) vs Tom Emmer (R),MN-06,Eventual Nominee,Tom Emmer,R+21.4,21.4,Safe R,0,N,100
Eventual Nominee (D) vs Michelle Fischbach (R),MN-07,Eventual Nominee,Michelle Fischbach,R+37.1,37.1,Safe R,0,N,100
Eventual Nominee (D) vs Pete Stauber (R),MN-08,Eventual Nominee,Pete Stauber,R+15.6,15.6,Safe R,1,N,99
Wesley Bell (D) vs Eventual Nominee (R),MO-01,Wesley Bell,Eventual Nominee,D+72.8,-72.8,Safe D,100,N,0
Eventual Nominee (D) vs Ann Wagner (R),MO-02,Eventual Nominee,Ann Wagner,R+6.4,6.4,Likely R,17,N,83
Eventual Nominee (D) vs Bob Onder (R),MO-03,Eventual Nominee,Bob Onder,R+17.3,17.3,Safe R,1,N,99
Eventual Nominee (D) vs Mark Alford (R),MO-04,Eventual Nominee,Mark Alford,R+20.0,20,Safe R,0,N,100
Emanuel Cleaver (D) vs Eventual Nominee (R),MO-05,Emanuel Cleaver,Eventual Nominee,R+7.4,7.4,Likely R,13,Y,87
Eventual Nominee (D) vs Eventual Nominee (R),MO-06,Eventual Nominee,Eventual Nominee,R+18.7,18.7,Safe R,1,N,99
Missi Hesketh (D) vs Eric Burlison (R),MO-07,Missi Hesketh,Eric Burlison,R+40.7,40.7,Safe R,0,N,100
Eventual Nominee (D) vs Jason Smith (R),MO-08,Eventual Nominee,Jason Smith,R+51.1,51.1,Safe R,0,N,100
Cliff Johnson (D) vs Trent Kelly (R),MS-01,Cliff Johnson,Trent Kelly,R+33.2,33.2,Safe R,0,N,100
Bennie Thompson (D) vs Ron Eller (R),MS-02,Bennie Thompson,Ron Eller,D+34.2,-34.2,Safe D,100,N,0
Michael Chiaradio (D) vs Michael Guest (R),MS-03,Michael Chiaradio,Michael Guest,R+29.7,29.7,Safe R,0,N,100
Jeffrey Hulum III (D) vs Mike Ezell (R),MS-04,Jeffrey Hulum III,Mike Ezell,R+42.1,42.1,Safe R,0,N,100
Sam Forstag (D) vs Aaron Flint (R),MT-01,Sam Forstag,Aaron Flint,R+4.9,4.9,Lean R,23,N,77
Brian Miller (D) vs Troy Downing (R),MT-02,Brian Miller,Troy Downing,R+28.3,28.3,Safe R,0,N,100
Don Davis (D) vs Laurie Buckhout (R),NC-01,Don Davis,Laurie Buckhout,D+1.1,-1.1,Tossup,56,N,44
Deborah Ross (D) vs Eugene Douglass (R),NC-02,Deborah Ross,Eugene Douglass,D+46.9,-46.9,Safe D,100,N,0
Raymond Smith Jr. (D) vs Greg Murphy (R),NC-03,Raymond Smith Jr.,Greg Murphy,R+11.3,11.3,Safe R,5,N,95
Valerie Foushee (D) vs Max Ganorkar (R),NC-04,Valerie Foushee,Max Ganorkar,D+58.4,-58.4,Safe D,100,N,0
Chuck Hubbard (D) vs Virginia Foxx (R),NC-05,Chuck Hubbard,Virginia Foxx,R+12.7,12.7,Safe R,3,N,97
Cyril Jefferson (D) vs Addison McDowell (R),NC-06,Cyril Jefferson,Addison McDowell,R+15.1,15.1,Safe R,2,N,98
Kimberly Hardy (D) vs David Rouzer (R),NC-07,Kimberly Hardy,David Rouzer,R+10.6,10.6,Likely R,6,N,94
Colby Watson (D) vs Mark Harris (R),NC-08,Colby Watson,Mark Harris,R+15.8,15.8,Safe R,1,N,99
Richard Ojeda (D) vs Richard Hudson (R),NC-09,Richard Ojeda,Richard Hudson,R+9.3,9.3,Likely R,8,N,92
Ashley Bell (D) vs Pat Harrigan (R),NC-10,Ashley Bell,Pat Harrigan,R+15.1,15.1,Safe R,2,N,98
Jamie Ager (D) vs Chuck Edwards (R),NC-11,Jamie Ager,Chuck Edwards,R+4.1,4.1,Lean R,27,N,73
Alma Adams (D) vs Jack Codiga (R),NC-12,Alma Adams,Jack Codiga,D+55.6,-55.6,Safe D,100,N,0
Paul Barringer (D) vs Brad Knott (R),NC-13,Paul Barringer,Brad Knott,R+10.1,10.1,Likely R,7,N,93
Lakesha Womack (D) vs Tim Moore (R),NC-14,Lakesha Womack,Tim Moore,R+12.1,12.1,Safe R,4,N,96
Trygve Hammer (D) vs Julie Fedorchak (R),ND-AL,Trygve Hammer,Julie Fedorchak,R+36.8,36.8,Safe R,0,N,100
Chris Backemeyer (D) vs Mike Flood (R),NE-01,Chris Backemeyer,Mike Flood,R+9.3,9.3,Likely R,9,N,91
Denise Powell (D) vs Brinker Harding (R),NE-02,Denise Powell,Brinker Harding,D+11.5,-11.5,Safe D,95,Y,5
Becky Stille (D) vs Adrian Smith (R),NE-03,Becky Stille,Adrian Smith,R+54.4,54.4,Safe R,0,N,100
Eventual Nominee (D) vs Eventual Nominee (R),NH-01,Eventual Nominee,Eventual Nominee,D+9.4,-9.4,Likely D,92,N,8
Maggie Goodlander (D) vs Lily Tang Williams (R),NH-02,Maggie Goodlander,Lily Tang Williams,D+15.9,-15.9,Safe D,98,N,2
Donald Norcross (D) vs Damon Galdo (R),NJ-01,Donald Norcross,Damon Galdo,D+32.4,-32.4,Safe D,100,N,0
Zack Mullock (D) vs Jeff Van Drew (R),NJ-02,Zack Mullock,Jeff Van Drew,R+7.9,7.9,Likely R,12,N,88
Herb Conaway (D) vs Michael McGuire (R),NJ-03,Herb Conaway,Michael McGuire,D+20.5,-20.5,Safe D,100,N,0
Rachel Peace (D) vs Chris Smith (R),NJ-04,Rachel Peace,Chris Smith,R+29.8,29.8,Safe R,0,N,100
Josh Gottheimer (D) vs Sean Kirrane (R),NJ-05,Josh Gottheimer,Sean Kirrane,D+18.6,-18.6,Safe D,100,N,0
Frank Pallone (D) vs Hillary Herzig (R),NJ-06,Frank Pallone,Hillary Herzig,D+23.1,-23.1,Safe D,100,N,0
Rebecca Bennett (D) vs Tom Kean (R),NJ-07,Rebecca Bennett,Tom Kean,D+4.3,-4.3,Lean D,74,Y,26
Rob Menendez (D) vs Eventual Nominee (R),NJ-08,Rob Menendez,Eventual Nominee,D+40.0,-40,Safe D,100,N,0
Nellie Pou (D) vs Rosie Pino (R),NJ-09,Nellie Pou,Rosie Pino,D+15.4,-15.4,Safe D,99,N,1
LaMonica McIver (D) vs Carmen Bucco (R),NJ-10,LaMonica McIver,Carmen Bucco,D+64.3,-64.3,Safe D,100,N,0
Analilia Mejia (D) vs Joe Hathaway (R),NJ-11,Analilia Mejia,Joe Hathaway,D+23.4,-23.4,Safe D,100,N,0
Adam Hamawy (D) vs Gregg Mele (R),NJ-12,Adam Hamawy,Gregg Mele,D+35.7,-35.7,Safe D,100,N,0
Melanie Stansbury (D) vs Didi Okpareke (R),NM-01,Melanie Stansbury,Didi Okpareke,D+27.6,-27.6,Safe D,100,N,0
Gabe Vasquez (D) vs Greg Cunningham (R),NM-02,Gabe Vasquez,Greg Cunningham,D+12.9,-12.9,Safe D,97,N,3
Teresa Leger Fernandez (D) vs Martin Zamora (R),NM-03,Teresa Leger Fernandez,Martin Zamora,D+23.4,-23.4,Safe D,100,N,0
Dina Titus (D) vs Eventual Nominee (R),NV-01,Dina Titus,Eventual Nominee,D+15.6,-15.6,Safe D,99,N,1
Eventual Nominee (D) vs Eventual Nominee (R),NV-02,Eventual Nominee,Eventual Nominee,R+8.1,8.1,Likely R,11,N,89
Susie Lee (D) vs Eventual Nominee (R),NV-03,Susie Lee,Eventual Nominee,D+11.9,-11.9,Safe D,96,N,4
Steven Horsford (D) vs Eventual Nominee (R),NV-04,Steven Horsford,Eventual Nominee,D+15.4,-15.4,Safe D,99,N,1
Christopher Gallant (D) vs Nick LaLota (R),NY-01,Christopher Gallant,Nick LaLota,R+5.4,5.4,Lean R,21,N,79
Patrick Halpin (D) vs Andrew Garbarino (R),NY-02,Patrick Halpin,Andrew Garbarino,R+11.4,11.4,Safe R,5,N,95
Tom Suozzi (D) vs Michael LiPetri (R),NY-03,Tom Suozzi,Michael LiPetri,D+7.2,-7.2,Likely D,86,N,14
Laura Gillen (D) vs Jeanine Driscoll (R),NY-04,Laura Gillen,Jeanine Driscoll,D+14.2,-14.2,Safe D,98,N,2
Greg Meeks (D) vs George Marsh (R),NY-05,Greg Meeks,George Marsh,D+52.2,-52.2,Safe D,100,N,0
Grace Meng (D) vs Joseph Chou (R),NY-06,Grace Meng,Joseph Chou,D+24.3,-24.3,Safe D,100,N,0
Claire Valdez (D) vs Melvin Rivera (R),NY-07,Claire Valdez,Melvin Rivera,D+56.1,-56.1,Safe D,100,N,0
Hakeem Jeffries (D) vs Lewis Mizrahi (R),NY-08,Hakeem Jeffries,Lewis Mizrahi,D+57.1,-57.1,Safe D,100,N,0
Yvette Clarke (D) vs Joel Anabilah-Azumah (R),NY-09,Yvette Clarke,Joel Anabilah-Azumah,D+54.9,-54.9,Safe D,100,N,0
Brad Lander (D) vs Jennifer Moore (R),NY-10,Brad Lander,Jennifer Moore,D+69.8,-69.8,Safe D,100,N,0
Michael DeCillis (D) vs Nicole Malliotakis (R),NY-11,Michael DeCillis,Nicole Malliotakis,R+23.6,23.6,Safe R,0,N,100
Micah Lasher (D) vs Caroline Shinkle (R),NY-12,Micah Lasher,Caroline Shinkle,D+72.5,-72.5,Safe D,100,N,0
Darializa Chevalier (D) vs Jomo Williams (R),NY-13,Darializa Chevalier,Jomo Williams,D+69.9,-69.9,Safe D,100,N,0
Alexandria Ocasio-Cortez (D) vs Diamant Hysenaj (R),NY-14,Alexandria Ocasio-Cortez,Diamant Hysenaj,D+42.3,-42.3,Safe D,100,N,0
Ritchie Torres (D) vs Stylo Sapaskis (R),NY-15,Ritchie Torres,Stylo Sapaskis,D+66.5,-66.5,Safe D,100,N,0
George Latimer (D) vs Joseph Cinquemani (R),NY-16,George Latimer,Joseph Cinquemani,D+49.1,-49.1,Safe D,100,N,0
Cait Conley (D) vs Mike Lawler (R),NY-17,Cait Conley,Mike Lawler,D+3.3,-3.3,Lean D,68,Y,32
Pat Ryan (D) vs Jacqueline Auringer (R),NY-18,Pat Ryan,Jacqueline Auringer,D+19.1,-19.1,Safe D,100,N,0
Josh Riley (D) vs Pete Oberacker (R),NY-19,Josh Riley,Pete Oberacker,D+13.5,-13.5,Safe D,98,N,2
Paul Tonko (D) vs Ralph Ambrosio (R),NY-20,Paul Tonko,Ralph Ambrosio,D+28.6,-28.6,Safe D,100,N,0
Blake Gendebien (D) vs Anthony Constantino (R),NY-21,Blake Gendebien,Anthony Constantino,R+13.1,13.1,Safe R,3,N,97
John Mannion (D) vs Kailee Buller (R),NY-22,John Mannion,Kailee Buller,D+19.5,-19.5,Safe D,100,N,0
Aaron Gies (D) vs Nick Langworthy (R),NY-23,Aaron Gies,Nick Langworthy,R+22.1,22.1,Safe R,0,N,100
Alissa Ellman (D) vs Claudia Tenney (R),NY-24,Alissa Ellman,Claudia Tenney,R+22.0,22,Safe R,0,N,100
Joseph Morelle (D) vs Virginia McIntyre (R),NY-25,Joseph Morelle,Virginia McIntyre,D+30.5,-30.5,Safe D,100,N,0
Tim Kennedy (D) vs Dennis Hannon (R),NY-26,Tim Kennedy,Dennis Hannon,D+34.7,-34.7,Safe D,100,N,0
Greg Landsman (D) vs Eric Conroy (R),OH-01,Greg Landsman,Eric Conroy,D+10.9,-10.9,Likely D,94,N,6
Jennifer Mazzuckelli (D) vs David Taylor (R),OH-02,Jennifer Mazzuckelli,David Taylor,R+38.1,38.1,Safe R,0,N,100
Joyce Beatty (D) vs Cleophus Dulaney (R),OH-03,Joyce Beatty,Cleophus Dulaney,D+54.5,-54.5,Safe D,100,N,0
Joshua Kolasinski (D) vs Jim Jordan (R),OH-04,Joshua Kolasinski,Jim Jordan,R+37.1,37.1,Safe R,0,N,100
Brian Shaver (D) vs Bob Latta (R),OH-05,Brian Shaver,Bob Latta,R+21.4,21.4,Safe R,0,N,100
Elizabeth Kirtley (D) vs Michael Rulli (R),OH-06,Elizabeth Kirtley,Michael Rulli,R+29.6,29.6,Safe R,0,N,100
Brian Poindexter (D) vs Max Miller (R),OH-07,Brian Poindexter,Max Miller,R+7.3,7.3,Likely R,14,N,86
Vanessa Enoch (D) vs Warren Davidson (R),OH-08,Vanessa Enoch,Warren Davidson,R+11.0,11,Safe R,5,N,95
Marcy Kaptur (D) vs Derek Merrin (R),OH-09,Marcy Kaptur,Derek Merrin,D+5.8,-5.8,Likely D,81,N,19
Kristina Knickerbocker (D) vs Mike Turner (R),OH-10,Kristina Knickerbocker,Mike Turner,R+9.5,9.5,Likely R,8,N,92
Shontel Brown (D) vs Mike Kirchner (R),OH-11,Shontel Brown,Mike Kirchner,D+71.5,-71.5,Safe D,100,N,0
Jerrad Christian (D) vs Troy Balderson (R),OH-12,Jerrad Christian,Troy Balderson,R+26.5,26.5,Safe R,0,N,100
Emilia Sykes (D) vs Carey Coleman (R),OH-13,Emilia Sykes,Carey Coleman,D+20.0,-20,Safe D,100,N,0
Maria Jukic (D) vs David Joyce (R),OH-14,Maria Jukic,David Joyce,R+18.9,18.9,Safe R,0,N,100
Don Leonard (D) vs Mike Carey (R),OH-15,Don Leonard,Mike Carey,R+3.5,3.5,Lean R,31,N,69
John Croisant (D) vs Eventual Nominee (R),OK-01,John Croisant,Eventual Nominee,R+17.2,17.2,Safe R,1,N,99
Brandon Wade (D) vs Josh Brecheen (R),OK-02,Brandon Wade,Josh Brecheen,R+47.1,47.1,Safe R,0,N,100
Suzie Byrd (D) vs Frank Lucas (R),OK-03,Suzie Byrd,Frank Lucas,R+42.9,42.9,Safe R,0,N,100
Mitchell Jacob (D) vs Tom Cole (R),OK-04,Mitchell Jacob,Tom Cole,R+31.0,31,Safe R,0,N,100
Jena Nelson (D) vs Stephanie Bice (R),OK-05,Jena Nelson,Stephanie Bice,R+12.4,12.4,Safe R,4,N,96
Suzanne Bonamici (D) vs Barbara Kahl (R),OR-01,Suzanne Bonamici,Barbara Kahl,D+51.3,-51.3,Safe D,100,N,0
Chris Beck (D) vs Cliff Bentz (R),OR-02,Chris Beck,Cliff Bentz,R+25.8,25.8,Safe R,0,N,100
Maxine Dexter (D) vs Loran Ayles (R),OR-03,Maxine Dexter,Loran Ayles,D+59.4,-59.4,Safe D,100,N,0
Val Hoyle (D) vs Monique DeSpain (R),OR-04,Val Hoyle,Monique DeSpain,D+18.3,-18.3,Safe D,99,N,1
Janelle Bynum (D) vs Patti Adair (R),OR-05,Janelle Bynum,Patti Adair,D+21.6,-21.6,Safe D,100,N,0
Andrea Salinas (D) vs David Russ (R),OR-06,Andrea Salinas,David Russ,D+22.7,-22.7,Safe D,100,N,0
Bob Harvie (D) vs Brian Fitzpatrick (R),PA-01,Bob Harvie,Brian Fitzpatrick,D+1.7,-1.7,Lean D,60,Y,40
Brendan Boyle (D) vs Jessica Arriaga (R),PA-02,Brendan Boyle,Jessica Arriaga,D+54.2,-54.2,Safe D,100,N,0
Chris Rabb (D) vs Eventual Nominee (R),PA-03,Chris Rabb,Eventual Nominee,D+89.6,-89.6,Safe D,100,N,0
Madeleine Dean (D) vs Aurora Stuski (R),PA-04,Madeleine Dean,Aurora Stuski,D+31.5,-31.5,Safe D,100,N,0
Mary Gay Scanlon (D) vs Nicholas Manganaro (R),PA-05,Mary Gay Scanlon,Nicholas Manganaro,D+43.8,-43.8,Safe D,100,N,0
Chrissy Houlahan (D) vs Marty Young (R),PA-06,Chrissy Houlahan,Marty Young,D+27.0,-27,Safe D,100,N,0
Bob Brooks (D) vs Ryan Mackenzie (R),PA-07,Bob Brooks,Ryan Mackenzie,D+3.9,-3.9,Lean D,72,Y,28
Paige Cognetti (D) vs Rob Bresnahan (R),PA-08,Paige Cognetti,Rob Bresnahan,R+0.2,0.2,Tossup,49,N,51
Rachel Wallace (D) vs Dan Meuser (R),PA-09,Rachel Wallace,Dan Meuser,R+29.8,29.8,Safe R,0,N,100
Janelle Stelson (D) vs Scott Perry (R),PA-10,Janelle Stelson,Scott Perry,D+8.1,-8.1,Likely D,87,Y,13
Nancy Mannion (D) vs Lloyd Smucker (R),PA-11,Nancy Mannion,Lloyd Smucker,R+16.4,16.4,Safe R,1,N,99
Summer Lee (D) vs James Hayes (R),PA-12,Summer Lee,James Hayes,D+29.4,-29.4,Safe D,100,N,0
Beth Farnham (D) vs John Joyce (R),PA-13,Beth Farnham,John Joyce,R+41.0,41,Safe R,0,N,100
Alan Bradstock (D) vs Guy Reschenthaler (R),PA-14,Alan Bradstock,Guy Reschenthaler,R+27.2,27.2,Safe R,0,N,100
Ray Bilger (D) vs Glenn Thompson (R),PA-15,Ray Bilger,Glenn Thompson,R+33.7,33.7,Safe R,0,N,100
Justin Wagner (D) vs Mike Kelly (R),PA-16,Justin Wagner,Mike Kelly,R+17.4,17.4,Safe R,1,N,99
Chris Deluzio (D) vs Tony Guy (R),PA-17,Chris Deluzio,Tony Guy,D+22.2,-22.2,Safe D,100,N,0
Gabe Amo (D) vs Eventual Nominee (R),RI-01,Gabe Amo,Eventual Nominee,D+38.7,-38.7,Safe D,100,N,0
Seth Magaziner (D) vs Eventual Nominee (R),RI-02,Seth Magaziner,Eventual Nominee,D+18.7,-18.7,Safe D,99,N,1
Nancy Lacore (D) vs Jenny Costa Honeycutt (R),SC-01,Nancy Lacore,Jenny Costa Honeycutt,R+9.4,9.4,Likely R,8,N,92
Zyon Khalifa (D) vs Joe Wilson (R),SC-02,Zyon Khalifa,Joe Wilson,R+15.2,15.2,Safe R,2,N,98
Eunice Lehmacher (D) vs Sheri Biggs (R),SC-03,Eunice Lehmacher,Sheri Biggs,R+43.2,43.2,Safe R,0,N,100
Courtney McClain (D) vs William Timmons (R),SC-04,Courtney McClain,William Timmons,R+24.1,24.1,Safe R,0,N,100
Mallory Dittmer (D) vs Wes Climer (R),SC-05,Mallory Dittmer,Wes Climer,R+21.2,21.2,Safe R,0,N,100
Jim Clyburn (D) vs John Peterson (R),SC-06,Jim Clyburn,John Peterson,D+32.0,-32,Safe D,100,N,0
John Vincent (D) vs Russell Fry (R),SC-07,John Vincent,Russell Fry,R+28.3,28.3,Safe R,0,N,100
Nikki Gronli (D) vs Marty Jackley (R),SD-AL,Nikki Gronli,Marty Jackley,R+25.4,25.4,Safe R,0,N,100
Eventual Nominee (D) vs Diana Harshbarger (R),TN-01,Eventual Nominee,Diana Harshbarger,R+53.4,53.4,Safe R,0,N,100
Michaela Barnett (D) vs Tim Burchett (R),TN-02,Michaela Barnett,Tim Burchett,R+31.6,31.6,Safe R,0,N,100
Anna Golladay (D) vs Chuck Fleischmann (R),TN-03,Anna Golladay,Chuck Fleischmann,R+32.2,32.2,Safe R,0,N,100
Victoria Broderick (D) vs Scott DesJarlais (R),TN-04,Victoria Broderick,Scott DesJarlais,R+16.7,16.7,Safe R,1,N,99
Eventual Nominee (D) vs Andy Ogles (R),TN-05,Eventual Nominee,Andy Ogles,R+15.9,15.9,Safe R,1,N,99
Eventual Nominee (D) vs Eventual Nominee (R),TN-06,Eventual Nominee,Eventual Nominee,R+20.5,20.5,Safe R,0,N,100
Joshua Sales (D) vs Matt Van Epps (R),TN-07,Joshua Sales,Matt Van Epps,R+16.7,16.7,Safe R,1,N,99
Eventual Nominee (D) vs David Kustoff (R),TN-08,Eventual Nominee,David Kustoff,R+18.5,18.5,Safe R,1,N,99
Justin Pearson (D) vs Eventual Nominee (R),TN-09,Justin Pearson,Eventual Nominee,R+12.3,12.3,Safe R,4,Y,96
Yolanda Prince (D) vs Nathaniel Moran (R),TX-01,Yolanda Prince,Nathaniel Moran,R+46.1,46.1,Safe R,0,N,100
Shaun Finnie (D) vs Steve Toth (R),TX-02,Shaun Finnie,Steve Toth,R+12.3,12.3,Safe R,4,N,96
Evan Hunt (D) vs Keith Self (R),TX-03,Evan Hunt,Keith Self,R+16.3,16.3,Safe R,1,N,99
Jason Pearce (D) vs Pat Fallon (R),TX-04,Jason Pearce,Pat Fallon,R+20.5,20.5,Safe R,0,N,100
Chelsey Hockett (D) vs Lance Gooden (R),TX-05,Chelsey Hockett,Lance Gooden,R+16.0,16,Safe R,1,N,99
Danny Minton (D) vs Jake Ellzey (R),TX-06,Danny Minton,Jake Ellzey,R+17.5,17.5,Safe R,1,N,99
Lizzie Fletcher (D) vs Alexander Hale (R),TX-07,Lizzie Fletcher,Alexander Hale,D+39.5,-39.5,Safe D,100,N,0
Laura Jones (D) vs Jessica Hart Steinmann (R),TX-08,Laura Jones,Jessica Hart Steinmann,R+19.7,19.7,Safe R,0,N,100
Leticia Gutierrez (D) vs Alex Mealer (R),TX-09,Leticia Gutierrez,Alex Mealer,R+11.8,11.8,Safe R,4,Y,96
Caitlin Rourk (D) vs Chris Gober (R),TX-10,Caitlin Rourk,Chris Gober,R+15.1,15.1,Safe R,1,N,99
Claire Reynolds (D) vs August Pfluger (R),TX-11,Claire Reynolds,August Pfluger,R+29.5,29.5,Safe R,0,N,100
Angela Rodriguez (D) vs Craig Goldman (R),TX-12,Angela Rodriguez,Craig Goldman,R+20.2,20.2,Safe R,0,N,100
Mark Nair (D) vs Ronny Jackson (R),TX-13,Mark Nair,Ronny Jackson,R+39.6,39.6,Safe R,0,N,100
Thurman Bartie (D) vs Randy Weber (R),TX-14,Thurman Bartie,Randy Weber,R+19.8,19.8,Safe R,0,N,100
Bobby Pulido (D) vs Monica De La Cruz (R),TX-15,Bobby Pulido,Monica De La Cruz,R+3.6,3.6,Lean R,29,N,71
Veronica Escobar (D) vs Adam Bauman (R),TX-16,Veronica Escobar,Adam Bauman,D+32.1,-32.1,Safe D,100,N,0
Casey Shepard (D) vs Pete Sessions (R),TX-17,Casey Shepard,Pete Sessions,R+17.0,17,Safe R,1,N,99
Christian Menefee (D) vs Ronald Whitfield (R),TX-18,Christian Menefee,Ronald Whitfield,D+70.7,-70.7,Safe D,100,N,0
Kyle Rable (D) vs Tom Sell (R),TX-19,Kyle Rable,Tom Sell,R+43.8,43.8,Safe R,0,N,100
Joaquin Castro (D) vs Edgardo Rafael Baez (R),TX-20,Joaquin Castro,Edgardo Rafael Baez,D+45.6,-45.6,Safe D,100,N,0
Kristin Hook (D) vs Mark Teixeira (R),TX-21,Kristin Hook,Mark Teixeira,R+13.1,13.1,Safe R,3,N,97
Marquette Greene-Scott (D) vs Trever Nehls (R),TX-22,Marquette Greene-Scott,Trever Nehls,R+11.5,11.5,Safe R,4,N,96
Katy Padilla Stout (D) vs Brandon Herrera (R),TX-23,Katy Padilla Stout,Brandon Herrera,R+3.7,3.7,Lean R,29,N,71
Kevin Burge (D) vs Beth Van Duyne (R),TX-24,Kevin Burge,Beth Van Duyne,R+11.5,11.5,Safe R,5,N,95
Dione Sims (D) vs Roger Williams (R),TX-25,Dione Sims,Roger Williams,R+17.9,17.9,Safe R,1,N,99
Steven Shook (D) vs Brandon Gill (R),TX-26,Steven Shook,Brandon Gill,R+20.1,20.1,Safe R,0,N,100
Tanya Lloyd (D) vs Michael Cloud (R),TX-27,Tanya Lloyd,Michael Cloud,R+15.9,15.9,Safe R,1,N,99
Henry Cuellar (D) vs Tano Tijerina (R),TX-28,Henry Cuellar,Tano Tijerina,D+8.5,-8.5,Likely D,90,N,10
Sylvia Garcia (D) vs Martha Fierro (R),TX-29,Sylvia Garcia,Martha Fierro,D+50.6,-50.6,Safe D,100,N,0
Frederick Haynes III (D) vs Everett Jackson (R),TX-30,Frederick Haynes III,Everett Jackson,D+56.9,-56.9,Safe D,100,N,0
Justin Early (D) vs John Carter (R),TX-31,Justin Early,John Carter,R+16.9,16.9,Safe R,1,N,99
Dan Barros (D) vs Jace Yarbrough (R),TX-32,Dan Barros,Jace Yarbrough,R+10.2,10.2,Likely R,7,Y,93
Colin Allred (D) vs Patrick Gillespie (R),TX-33,Colin Allred,Patrick Gillespie,D+50.4,-50.4,Safe D,100,N,0
Vicente Gonzalez (D) vs Eric Flores (R),TX-34,Vicente Gonzalez,Eric Flores,D+3.8,-3.8,Lean D,72,N,28
Johnny Garcia (D) vs Carlos De La Cruz (R),TX-35,Johnny Garcia,Carlos De La Cruz,D+0.5,-0.5,Tossup,53,N,47
Rhonda Hart (D) vs Brian Babin (R),TX-36,Rhonda Hart,Brian Babin,R+19.6,19.6,Safe R,0,N,100
Greg Casar (D) vs Lauren Peña (R),TX-37,Greg Casar,Lauren Peña,D+72.1,-72.1,Safe D,100,N,0
Melissa McDonough (D) vs Jon Bonck (R),TX-38,Melissa McDonough,Jon Bonck,R+12.8,12.8,Safe R,3,N,97
Ben McAdams (D) vs Riley Owen (R),UT-01,Ben McAdams,Riley Owen,D+35.5,-35.5,Safe D,100,Y,0
Peter Crosby (D) vs Blake Moore (R),UT-02,Peter Crosby,Blake Moore,R+26.8,26.8,Safe R,0,N,100
Kent Udell (D) vs Celeste Maloy (R),UT-03,Kent Udell,Celeste Maloy,R+37.3,37.3,Safe R,0,N,100
Jonny Larsen (D) vs Mike Kennedy (R),UT-04,Jonny Larsen,Mike Kennedy,R+32.5,32.5,Safe R,0,N,100
Eventual Nominee (D) vs Rob Wittman (R),VA-01,Eventual Nominee,Rob Wittman,R+1.3,1.3,Tossup,43,N,57
Eventual Nominee (D) vs Jen Kiggans (R),VA-02,Eventual Nominee,Jen Kiggans,D+5.0,-5,Lean D,78,Y,22
Bobby Scott (D) vs Eventual Nominee (R),VA-03,Bobby Scott,Eventual Nominee,D+46.7,-46.7,Safe D,100,N,0
Jennifer McClellan (D) vs Eventual Nominee (R),VA-04,Jennifer McClellan,Eventual Nominee,D+46.5,-46.5,Safe D,100,N,0
Tom Perriello (D) vs John McGuire (R),VA-05,Tom Perriello,John McGuire,R+7.9,7.9,Likely R,11,N,89
Eventual Nominee (D) vs Ben Cline (R),VA-06,Eventual Nominee,Ben Cline,R+19.0,19,Safe R,1,N,99
Eugene Vindman (D) vs Eventual Nominee (R),VA-07,Eugene Vindman,Eventual Nominee,D+14.8,-14.8,Safe D,98,N,2
Don Beyer (D) vs Eventual Nominee (R),VA-08,Don Beyer,Eventual Nominee,D+60.5,-60.5,Safe D,100,N,0
Eventual Nominee (D) vs Morgan Griffith (R),VA-09,Eventual Nominee,Morgan Griffith,R+40.6,40.6,Safe R,0,N,100
Suhas Subramanyam (D) vs Eventual Nominee (R),VA-10,Suhas Subramanyam,Eventual Nominee,D+20.2,-20.2,Safe D,100,N,0
James Walkinshaw (D) vs Eventual Nominee (R),VA-11,James Walkinshaw,Eventual Nominee,D+47.6,-47.6,Safe D,100,N,0
Becca Balint (D) vs Mark Coester (R),VT-AL,Becca Balint,Mark Coester,D+45.1,-45.1,Safe D,100,N,0
Suzan DelBene (D) vs Eventual Nominee (R),WA-01,Suzan DelBene,Eventual Nominee,D+38.4,-38.4,Safe D,100,N,0
Rick Larsen (D) vs Eventual Nominee (R),WA-02,Rick Larsen,Eventual Nominee,D+36.0,-36,Safe D,100,N,0
Marie Gluesenkamp Perez (D) vs Eventual Nominee (R),WA-03,Marie Gluesenkamp Perez,Eventual Nominee,D+6.5,-6.5,Likely D,82,N,18
Eventual Nominee (D) vs Eventual Nominee (R),WA-04,Eventual Nominee,Eventual Nominee,R+15.2,15.2,Safe R,1,N,99
Eventual Nominee (D) vs Michael Baumgartner (R),WA-05,Eventual Nominee,Michael Baumgartner,R+10.4,10.4,Likely R,7,N,93
Emily Randall (D) vs Eventual Nominee (R),WA-06,Emily Randall,Eventual Nominee,D+30.3,-30.3,Safe D,100,N,0
Pramila Jayapal (D) vs Eventual Nominee (R),WA-07,Pramila Jayapal,Eventual Nominee,D+81.7,-81.7,Safe D,100,N,0
Kim Schrier (D) vs Eventual Nominee (R),WA-08,Kim Schrier,Eventual Nominee,D+18.1,-18.1,Safe D,99,N,1
Adam Smith (D) vs Eventual Nominee (R),WA-09,Adam Smith,Eventual Nominee,D+53.3,-53.3,Safe D,100,N,0
Marilyn Strickland (D) vs Eventual Nominee (R),WA-10,Marilyn Strickland,Eventual Nominee,D+29.2,-29.2,Safe D,100,N,0
Eventual Nominee (D) vs Bryan Steil (R),WI-01,Eventual Nominee,Bryan Steil,R+3.8,3.8,Lean R,28,N,72
Mark Pocan (D) vs Erik Olsen (R),WI-02,Mark Pocan,Erik Olsen,D+50.8,-50.8,Safe D,100,N,0
Rebecca Cooke (D) vs Derrick Van Orden (R),WI-03,Rebecca Cooke,Derrick Van Orden,D+0.3,-0.3,Tossup,52,Y,48
Gwen Moore (D) vs Eventual Nominee (R),WI-04,Gwen Moore,Eventual Nominee,D+63.5,-63.5,Safe D,100,N,0
Eventual Nominee (D) vs Scott Fitzgerald (R),WI-05,Eventual Nominee,Scott Fitzgerald,R+23.5,23.5,Safe R,0,N,100
Eventual Nominee (D) vs Glenn Grothman (R),WI-06,Eventual Nominee,Glenn Grothman,R+17.6,17.6,Safe R,1,N,99
Eventual Nominee (D) vs Eventual Nominee (R),WI-07,Eventual Nominee,Eventual Nominee,R+17.3,17.3,Safe R,1,N,99
Eventual Nominee (D) vs Tony Wied (R),WI-08,Eventual Nominee,Tony Wied,R+15.8,15.8,Safe R,1,N,99
Vince George (D) vs Carol Miller (R),WV-01,Vince George,Carol Miller,R+38.3,38.3,Safe R,0,N,100
Ace Parsi (D) vs Riley Moore (R),WV-02,Ace Parsi,Riley Moore,R+37.5,37.5,Safe R,0,N,100
Lisa Kinney (D) vs Eventual Nominee (R),WY-AL,Lisa Kinney,Eventual Nominee,R+41.6,41.6,Safe R,0,N,100